;Total Cost M CLP;Percentage Cost;DifferenceCosts;FIT;Colonoscopy;FIT Costs;Colonoscopy Costs;Stage I Costs;Stage II Costs;Stage III Costs;Stage IV Costs;Treatments;StageI;StageII;StageIII;StageIV;StageI%;StageII%;StageIII%;StageIV%;YearsGained;HYearsGained;DFYearsGained;DALYGained;AsymptomaticTreatments;SymptomaticTreatments;Cancer Treatments
Annual;3754830;0.0;0;61174893;3662141;358791.0;1541782.0;272254;402098;403863;776042;123208;35601;35605;34914;17088;28.90%;28.90%;28.34%;13.87%;146764.0;101103.0;109317.0;135924.0;68081.0;55127.0;123208
Biennial;2827802;-0.24688947302540995;-927028;30437006;1849025;178512.0;778446.0;255040;415022;399769;801013;122298;33350;36750;34560;17638;27.27%;30.05%;28.26%;14.42%;137406.0;94463.0;102169.0;127157.0;63180.0;59118.0;122298
Triennial;2572077;-0.3149950863288085;-1182753;21102278;1295677;123766.0;545478.0;239909;430250;400142;832532;122394;31372;38098;34592;18332;25.63%;31.13%;28.26%;14.98%;127441.0;87420.0;94779.0;118000.0;58769.0;63625.0;122394
Quadrennial;2461291;-0.34450001731103674;-1293539;16442404;1017678;96437.0;428453.0;226971;445063;398088;866279;122579;29680;39410;34414;19075;24.21%;32.15%;28.07%;15.56%;119149.0;81834.0;88661.0;110352.0;54888.0;67691.0;122579
