;Total Cost M CLP;Percentage Cost;DifferenceCosts;FIT Costs;Colonoscopy Costs;Stage I Costs;Stage II Costs;Stage III Costs;Stage IV Costs;Treatments;StageI;StageII;StageIII;StageIV;StageI%;StageII%;StageIII%;StageIV%;YearsGained;AsymptomaticDiscoveries;Cancer Treatments
"UC Christus
FIT Cost
5 865 CLP";251782;1.0;0;9835.0;43486.0;18841;46381;38230;95009;11968;2464;4107;3305;2092;20.59%;34.32%;27.62%;17.48%;9417.0;4438.0;11968
"FIT Cost
4 865 CLP";251468;0.9987528894043259;-314;9835.0;43486.0;18734;46325;38174;94914;11942;2450;4102;3300;2090;20.52%;34.35%;27.63%;17.50%;9345.0;4422.0;11942
"FIT Cost
3 865 CLP";248023;0.9850704180600678;-3759;6478.0;43471.0;18674;46211;38137;95052;11924;2442;4092;3297;2093;20.48%;34.32%;27.65%;17.55%;9289.0;4405.0;11924
"FIT Cost
2 865 CLP";246126;0.9775361225186868;-5656;4803.0;43486.0;18734;46291;38125;94687;11930;2450;4099;3296;2085;20.54%;34.36%;27.63%;17.48%;9385.0;4418.0;11930
