;Total Cost M CLP;Percentage Cost;DifferenceCosts;FIT Costs;Colonoscopy Costs;Stage I Costs;Stage II Costs;Stage III Costs;Stage IV Costs;Treatments;StageI;StageII;StageIII;StageIV;StageI%;StageII%;StageIII%;StageIV%;YearsGained;AsymptomaticDiscoveries;Cancer Treatments
"UC Christus
FIT Cost
5 865 CLP";283028;1.0;0;16967.0;74440.0;27278;41412;40140;82791;12527;3567;3667;3470;1823;28.47%;29.27%;27.70%;14.55%;15572.0;6843.0;12527
"FIT Cost
4 865 CLP";283446;1.0014768856791554;418;16966.0;74414.0;27156;41479;40233;83198;12534;3551;3673;3478;1832;28.33%;29.30%;27.75%;14.62%;15485.0;6809.0;12534
"FIT Cost
3 865 CLP";277374;0.9800231779187925;-5654;11180.0;74438.0;27192;41253;40160;83151;12512;3556;3653;3472;1831;28.42%;29.20%;27.75%;14.63%;15502.0;6835.0;12512
"FIT Cost
2 865 CLP";274827;0.9710240682900632;-8201;8288.0;74451.0;27324;41368;40107;83289;12537;3573;3663;3467;1834;28.50%;29.22%;27.65%;14.63%;15585.0;6849.0;12537
