;Total Cost M CLP;Percentage Cost;DifferenceCosts;FIT Costs;Colonoscopy Costs;Stage I Costs;Stage II Costs;Stage III Costs;Stage IV Costs;Treatments;StageI;StageII;StageIII;StageIV;StageI%;StageII%;StageIII%;StageIV%;YearsGained;AsymptomaticDiscoveries;Cancer Treatments
"UC Christus
FIT Cost
5 865 CLP";251595;1.0;0;9835.0;43487.0;18791;46246;38276;94960;11952;2457;4095;3309;2091;20.56%;34.26%;27.69%;17.49%;9375.0;4416.0;11952
"FIT Cost
4 865 CLP";251126;0.9981358930026432;-469;9834.0;43488.0;18812;46393;38093;94506;11942;2460;4108;3293;2081;20.60%;34.40%;27.57%;17.43%;9427.0;4418.0;11942
"FIT Cost
3 865 CLP";247846;0.9850990679465014;-3749;6480.0;43474.0;18866;46370;38103;94553;11949;2467;4106;3294;2082;20.65%;34.36%;27.57%;17.42%;9543.0;4417.0;11949
"FIT Cost
2 865 CLP";246734;0.9806792662811264;-4861;4803.0;43495.0;18820;46346;38265;95005;11965;2461;4104;3308;2092;20.57%;34.30%;27.65%;17.48%;9389.0;4444.0;11965
