;Total Cost M CLP;Percentage Cost;DifferenceCosts;FIT;Colonoscopy;FIT Costs;Colonoscopy Costs;Stage I Costs;Stage II Costs;Stage III Costs;Stage IV Costs;Treatments;StageI;StageII;StageIII;StageIV;StageI%;StageII%;StageIII%;StageIV%;YearsGained;AsymptomaticTreatments;SymptomaticTreatments;Cancer Treatments
Annual;3754395;0.0;0;61116128;3658574;358437.0;1540272.0;272296;401956;404169;777265;123254;35607;35592;34940;17115;28.89%;28.88%;28.35%;13.89%;146507.0;68064.0;55190.0;123254
Biennial;2825861;-0.24731920855424108;-928534;30438468;1849133;178522.0;778499.0;254681;414548;400638;798973;122239;33303;36708;34635;17593;27.24%;30.03%;28.33%;14.39%;137429.0;63209.0;59030.0;122239
Triennial;2573979;-0.31440911252012643;-1180416;21109627;1296081;123806.0;545653.0;239726;430992;399137;834665;122396;31348;38164;34505;18379;25.61%;31.18%;28.19%;15.02%;127326.0;58758.0;63638.0;122396
Quadrennial;2442910;-0.3493199303749339;-1311485;16340927;1011595;95844.0;425881.0;225839;441870;395824;857652;121763;29532;39127;34219;18885;24.25%;32.13%;28.10%;15.51%;118636.0;54643.0;67120.0;121763
