;Total Cost M CLP;Percentage Cost;DifferenceCosts;FIT;Colonoscopy;FIT Costs;Colonoscopy Costs;Stage I Costs;Stage II Costs;Stage III Costs;Stage IV Costs;Treatments;StageI;StageII;StageIII;StageIV;StageI%;StageII%;StageIII%;StageIV%;YearsGained;AsymptomaticTreatments;SymptomaticTreatments;Cancer Treatments
Annual;3717723;0.0;0;58865046;3595171;345250.0;1513580.0;272865;402988;404368;778672;123468;35681;35684;34957;17146;28.90%;28.90%;28.31%;13.89%;196414.0;68209.0;55259.0;123468
Biennial;2805586;-0.24534829517960322;-912137;29234989;1813383;171465.0;763441.0;255083;415171;399725;800701;122306;33356;36763;34556;17631;27.27%;30.06%;28.25%;14.42%;183390.0;63145.0;59161.0;122306
Triennial;2567309;-0.3094404827901379;-1150414;20330877;1274963;119248.0;536763.0;240490;432574;401112;837122;122860;31447;38304;34676;18433;25.60%;31.18%;28.22%;15.00%;170704.0;58943.0;63917.0;122860
Quadrennial;2446765;-0.34186463058167593;-1270958;15784733;998354;92578.0;420315.0;226676;445119;398484;863593;122521;29641;39415;34449;19016;24.19%;32.17%;28.12%;15.52%;159065.0;54966.0;67555.0;122521
