;Total Cost M CLP;Percentage Cost;DifferenceCosts;FIT;Colonoscopy;FIT Costs;Colonoscopy Costs;Stage I Costs;Stage II Costs;Stage III Costs;Stage IV Costs;Treatments;StageI;StageII;StageIII;StageIV;StageI%;StageII%;StageIII%;StageIV%;YearsGained;AsymptomaticTreatments;SymptomaticTreatments;Inverted Percentage Cost;Percentage Years;Inverted Percentage Years;Efficacy Ratio;Cancer Treatments
"50-75
(25)";2814651;1.0;0;29339610;1819935;172079.0;766195.0;255897;415437;401531;803512;122653;33462;36786;34712;17693;27.28%;29.99%;28.30%;14.43%;183729.0;63332.0;59321.0;0.0;1.0;0.0;;122653
"55-80
(25)";2816265;1.000573428108849;1614;28790456;1785722;168845.0;751798.0;251307;421815;400772;821728;122954;32862;37351;34647;18094;26.73%;30.38%;28.18%;14.72%;175260.0;61860.0;61094.0;-0.0005734281088489723;0.9539049360743269;0.046095063925673085;-80.38507916571885;122954
"45-80
(35)";3072999;1.0917868680699667;258348;40158244;2481361;235529.0;1044659.0;305316;367335;405614;714546;123250;39924;32527;35065;15734;32.39%;26.39%;28.45%;12.77%;224337.0;77836.0;45414.0;-0.09178686806996672;1.221021177930539;-0.2210211779305391;2.4079825641513386;123250
"40-85
(45)";3333759;1.1844306807486968;519108;49793769;3063907;292033.0;1289922.0;324786;348260;406807;671951;123272;42470;30838;35168;14796;34.45%;25.02%;28.53%;12.00%;242590.0;83447.0;39825.0;-0.18443068074869684;1.3203685863418404;-0.3203685863418404;1.7370677429661012;123272
"35-90
(55)";3568501;1.2678307186219535;753850;58055389;3563821;340499.0;1500381.0;338077;335271;408841;645432;123453;44208;29688;35345;14212;35.81%;24.05%;28.63%;11.51%;254018.0;87279.0;36174.0;-0.2678307186219535;1.3825688922271389;-0.38256889222713886;1.428398109804349;123453
