;Total Cost M CLP;Percentage Cost;DifferenceCosts;FIT;Colonoscopy;FIT Costs;Colonoscopy Costs;Stage I Costs;Stage II Costs;Stage III Costs;Stage IV Costs;Treatments;StageI;StageII;StageIII;StageIV;StageI%;StageII%;StageIII%;StageIV%;YearsGained;AsymptomaticTreatments;SymptomaticTreatments;Inverted Percentage Cost;Percentage Years;Inverted Percentage Years;Efficacy Ratio;Cancer Treatments
"Worse
Specificity
(0.92)";265339;5.56%;13971;1676363;136016;9835.0;57262.0;18817;46235;38184;95006;11948;2461;4094;3301;2092;20.60%;34.27%;27.63%;17.51%;9430.0;4430.0;7518.0;0.9444201330320486;1.0101767541510445;-0.010176754151044465;-0.010775664129874199;11948
"Normal
Specificity
(0.94)";251368;0.00%;0;1676447;103260;9835.0;43474.0;18728;46395;37930;95006;11928;2449;4108;3279;2092;20.53%;34.44%;27.49%;17.54%;9335.0;4387.0;7541.0;1.0;1.0;0.0;;11928
"Improved
Specificity
(0.96)";237492;-5.52%;-13876;1676425;70332;9835.0;29611.0;18814;46348;38149;94735;11948;2460;4104;3298;2086;20.59%;34.35%;27.60%;17.46%;9409.0;4423.0;7525.0;1.0552019350116164;1.007927155865024;-0.007927155865024016;-0.0075124538744678745;11948
"Super
Improved
Specificity
(0.999)";210341;-16.32%;-41027;1676466;6076;9835.0;2557.0;18719;46259;37965;95006;11918;2448;4096;3282;2092;20.54%;34.37%;27.54%;17.55%;9339.0;4403.0;7515.0;1.163214888132141;1.000428494911623;-0.0004284949116228898;-0.00036837124076958416;11918
