;Total Cost M CLP;Percentage Cost;DifferenceCosts;FIT;Colonoscopy;FIT Costs;Colonoscopy Costs;Stage I Costs;Stage II Costs;Stage III Costs;Stage IV Costs;Treatments;StageI;StageII;StageIII;StageIV;StageI%;StageII%;StageIII%;StageIV%;YearsGained;AsymptomaticTreatments;SymptomaticTreatments;Inverted Percentage Cost;Percentage Years;Inverted Percentage Years;Efficacy Ratio;Cancer Treatments
"Worse
Specificity
(0.92)";263948;1.0504556851195925;12678;1626455;133998;9538.0;56413.0;18997;46279;37760;94961;11937;2484;4098;3264;2091;20.81%;34.33%;27.34%;17.52%;13380.0;4401.0;7536.0;-0.05045568511959253;1.0192732535994515;-0.019273253599451534;0.3819837854499275;11937
"Normal
Specificity
(0.94)";251270;1.0;0;1626419;101796;9538.0;42855.0;18813;46053;38323;95688;11958;2460;4078;3313;2107;20.57%;34.10%;27.71%;17.62%;13127.0;4416.0;7542.0;0.0;1.0;0.0;;11958
"Improved
Specificity
(0.96)";237349;0.9445974449795042;-13921;1626418;69353;9538.0;29197.0;18965;46000;37733;95916;11927;2480;4073;3262;2112;20.79%;34.15%;27.35%;17.71%;13199.0;4409.0;7518.0;0.05540255502049585;1.0054848784947055;-0.00548487849470547;-0.09900046112812616;11927
"Super
Improved
Specificity
(0.999)";237349;0.9445974449795042;-13921;1626418;69353;9538.0;29197.0;18965;46000;37733;95916;11927;2480;4073;3262;2112;20.79%;34.15%;27.35%;17.71%;13199.0;4409.0;7518.0;0.05540255502049585;1.0054848784947055;-0.00548487849470547;-0.09900046112812616;11927
