;Total Cost M CLP;Percentage Cost;DifferenceCosts;FIT;Colonoscopy;FIT Costs;Colonoscopy Costs;Stage I Costs;Stage II Costs;Stage III Costs;Stage IV Costs;Treatments;StageI;StageII;StageIII;StageIV;StageI%;StageII%;StageIII%;StageIV%;YearsGained;HYearsGained;DFYearsGained;DALYGained;AsymptomaticTreatments;SymptomaticTreatments;Inverted Percentage Cost;Percentage Years;Inverted Percentage Years;Efficacy Ratio;Cancer Treatments
"Worse
Specificity
(0.92)";306595;8.34%;23593;2892842;233085;16967.0;98132.0;27301;41210;40241;82744;12520;3570;3649;3479;1822;28.51%;29.15%;27.79%;14.55%;15591.0;10771.0;11634.0;14436.0;6848.0;5672.0;0.9166330979993074;0.9964847245302314;0.0035152754697685973;0.0038349864056199;12520
"Normal
Specificity
(0.94)";283002;0.00%;0;2892798;176831;16966.0;74446.0;27331;41253;40219;82787;12527;3574;3653;3477;1823;28.53%;29.16%;27.76%;14.55%;15646.0;10811.0;11668.0;14478.0;6838.0;5689.0;1.0;1.0;0.0;;12527
"Improved
Specificity
(0.96)";259517;-8.30%;-23485;2892756;120325;16967.0;50658.0;27241;41356;40416;82879;12543;3562;3662;3494;1825;28.40%;29.20%;27.86%;14.55%;15544.0;10730.0;11594.0;14386.0;6860.0;5683.0;1.0829852792559769;0.9934807618560655;0.006519238143934514;0.006019692297584418;12543
"Super
Improved
Specificity
(0.999)";212939;-24.76%;-70063;2892797;9639;16966.0;4060.0;27308;41186;40311;83108;12533;3571;3647;3485;1830;28.49%;29.10%;27.81%;14.60%;15539.0;10735.0;11598.0;14379.0;6842.0;5691.0;1.2475706885463707;0.9931611913588138;0.006838808641186245;0.005481700318844943;12533
