;Total Cost M CLP;Percentage Cost;DifferenceCosts;FIT Costs;Colonoscopy Costs;Stage I Costs;Stage II Costs;Stage III Costs;Stage IV Costs;Treatments;StageI;StageII;StageIII;StageIV;StageI%;StageII%;StageIII%;StageIV%;YearsGained;AsymptomaticDiscoveries;Cancer Treatments
"Average
Colonoscopy Cost
421 005 CLP";251450;1.0;0;9834.0;43504.0;18952;46224;38114;94822;11954;2478;4093;3295;2088;20.73%;34.24%;27.56%;17.47%;9456.0;4456.0;11954
"Clínica Bupa
Colonoscopy Cost
333 190 CLP";242683;0.9651342215152118;-8767;9835.0;34421.0;18834;46279;38173;95141;11956;2463;4098;3300;2095;20.60%;34.28%;27.60%;17.52%;9382.0;4434.0;11956
"UC Christus
Colonoscopy Cost
425 621 CLP";252465;1.0040365877908133;1015;9835.0;43949.0;18711;46225;38104;95641;11940;2447;4093;3294;2106;20.49%;34.28%;27.59%;17.64%;9278.0;4408.0;11940
"Clínica Alemana
Colonoscopy Cost
504 205 CLP";259953;1.0338158679657983;8503;9835.0;52081.0;18873;46246;38090;94828;11944;2468;4095;3293;2088;20.66%;34.28%;27.57%;17.48%;9445.0;4427.0;11944
