;Total Cost M CLP;Percentage Cost;DifferenceCosts;FIT;Colonoscopy;FIT Costs;Colonoscopy Costs;Stage I Costs;Stage II Costs;Stage III Costs;Stage IV Costs;Treatments;StageI;StageII;StageIII;StageIV;StageI%;StageII%;StageIII%;StageIV%;YearsGained;AsymptomaticTreatments;SymptomaticTreatments;Inverted Percentage Cost;Percentage Years;Inverted Percentage Years;Efficacy Ratio;Cancer Treatments
"Worse
Sensitivity
(0.73)";283727;1.0025618193511;725;2892849;176571;16966.0;74337.0;26565;41784;40102;83973;12490;3474;3700;3467;1849;27.81%;29.62%;27.76%;14.80%;15137.0;6641.0;5849.0;-0.002561819351099892;0.9674677233797776;0.0325322766202224;-12.698895652519365;12490
"Normal
Sensitivity
(0.79)";283002;1.0;0;2892798;176831;16966.0;74446.0;27331;41253;40219;82787;12527;3574;3653;3477;1823;28.53%;29.16%;27.76%;14.55%;15646.0;6838.0;5689.0;0.0;1.0;0.0;;12527
"Improved
Sensitivity
(0.85)";283277;1.0009717245814518;275;2892792;177041;16967.0;74535.0;28038;40769;40404;82564;12587;3666;3610;3493;1818;29.13%;28.68%;27.75%;14.44%;16022.0;7035.0;5552.0;-0.0009717245814517828;1.0240317013933273;-0.02403170139332733;24.730980209869056;12587
